campanha_operacional,status,rotulos_distintos,rotulo_canonico_maior_ano_mes,rotulos,abas,linhas_total
C021,CONFLITO,2,C021-2018-05,C021-2018-04 | C021-2018-05,Metadados_Esforco | Pontos_e_Campanhas | Resultados_Ictiofauna,809
C031,CONFLITO,2,C031-2019-10,C031-2019-09 | C031-2019-10,Metadados_Esforco | Pontos_e_Campanhas | Resultados_Ictiofauna,1329
C034,CONFLITO,2,C034-2020-07,C034-2020-06 | C034-2020-07,Metadados_Esforco | Pontos_e_Campanhas | Resultados_Ictiofauna,355
C040,CONFLITO,2,C040-2021-12,C040-2021-11 | C040-2021-12,Metadados_Esforco | Pontos_e_Campanhas | Resultados_Ictiofauna,553
C043,CONFLITO,2,C043-2023-02,C043-2023-01 | C043-2023-02,Metadados_Esforco | Pontos_e_Campanhas | Resultados_Ictiofauna,931
C045,CONFLITO,2,C045-2023-04,C045-2023-03 | C045-2023-04,Metadados_Esforco | Pontos_e_Campanhas | Resultados_Ictiofauna,766
C046,CONFLITO,2,C046-2023-07,C046-2023-06 | C046-2023-07,Metadados_Esforco | Pontos_e_Campanhas | Resultados_Ictiofauna,734
C049,CONFLITO,2,C049-2023-12,C049-2023-11 | C049-2023-12,Metadados_Esforco | Pontos_e_Campanhas | Resultados_Ictiofauna,943
C052,CONFLITO,2,C052-2024-03,C052-2024-02 | C052-2024-03,Metadados_Esforco | Pontos_e_Campanhas | Resultados_Ictiofauna,956
C062,CONFLITO,2,C062-2025-08,C062-2025-07 | C062-2025-08,Metadados_Esforco | Pontos_e_Campanhas | Resultados_Ictiofauna,584
C063,CONFLITO,2,C063-2025-10,C063-2025-09 | C063-2025-10,Metadados_Esforco | Pontos_e_Campanhas | Resultados_Ictiofauna,389
C064,CONFLITO,2,C064-2025-12,C064-2025-11 | C064-2025-12,Metadados_Esforco | Pontos_e_Campanhas | Resultados_Ictiofauna,528
C067,CONFLITO,6,C067-2026-06,C067-2024-10 | C067-2025-02 | C067-2025-06 | C067-2025-10 | C067-2026-02 | C067-2026-06,Metadados_Esforco | Pontos_e_Campanhas | Resultados_Ictiofauna,405
C001,OK,1,C001-2011-12,C001-2011-12,Metadados_Esforco | Pontos_e_Campanhas | Resultados_Ictiofauna,2094
C002,OK,1,C002-2012-04,C002-2012-04,Metadados_Esforco | Pontos_e_Campanhas | Resultados_Ictiofauna,4492
C003,OK,1,C003-2012-06,C003-2012-06,Metadados_Esforco | Pontos_e_Campanhas | Resultados_Ictiofauna,2435
C004,OK,1,C004-2012-09,C004-2012-09,Metadados_Esforco | Pontos_e_Campanhas | Resultados_Ictiofauna,2597
C005,OK,1,C005-2012-12,C005-2012-12,Metadados_Esforco | Pontos_e_Campanhas | Resultados_Ictiofauna,1852
C006,OK,1,C006-2013-03,C006-2013-03,Metadados_Esforco | Pontos_e_Campanhas | Resultados_Ictiofauna,6053
C007,OK,1,C007-2013-06,C007-2013-06,Metadados_Esforco | Pontos_e_Campanhas | Resultados_Ictiofauna,2128
C008,OK,1,C008-2013-09,C008-2013-09,Metadados_Esforco | Pontos_e_Campanhas | Resultados_Ictiofauna,2775
C009,OK,1,C009-2013-12,C009-2013-12,Metadados_Esforco | Pontos_e_Campanhas | Resultados_Ictiofauna,1964
C010,OK,1,C010-2014-03,C010-2014-03,Metadados_Esforco | Pontos_e_Campanhas | Resultados_Ictiofauna,985
C011,OK,1,C011-2014-06,C011-2014-06,Metadados_Esforco | Pontos_e_Campanhas | Resultados_Ictiofauna,2624
C012,OK,1,C012-2014-09,C012-2014-09,Metadados_Esforco | Pontos_e_Campanhas | Resultados_Ictiofauna,1319
C013,OK,1,C013-2014-12,C013-2014-12,Metadados_Esforco | Pontos_e_Campanhas | Resultados_Ictiofauna,2077
C014,OK,1,C014-2015-04,C014-2015-04,Metadados_Esforco | Pontos_e_Campanhas | Resultados_Ictiofauna,1743
C015,OK,1,C015-2015-07,C015-2015-07,Metadados_Esforco | Pontos_e_Campanhas | Resultados_Ictiofauna,1590
C016,OK,1,C016-2015-09,C016-2015-09,Metadados_Esforco | Pontos_e_Campanhas | Resultados_Ictiofauna,1635
C017,OK,1,C017-2015-11,C017-2015-11,Metadados_Esforco | Pontos_e_Campanhas | Resultados_Ictiofauna,811
C018,OK,1,C018-2016-03,C018-2016-03,Metadados_Esforco | Pontos_e_Campanhas | Resultados_Ictiofauna,1833
C019,OK,1,C019-2016-06,C019-2016-06,Metadados_Esforco | Pontos_e_Campanhas | Resultados_Ictiofauna,1890
C020,OK,1,C020-2016-09,C020-2016-09,Metadados_Esforco | Pontos_e_Campanhas | Resultados_Ictiofauna,1548
C022,OK,1,C022-2018-06,C022-2018-06,Metadados_Esforco | Pontos_e_Campanhas | Resultados_Ictiofauna,599
C023,OK,1,C023-2018-09,C023-2018-09,Metadados_Esforco | Pontos_e_Campanhas | Resultados_Ictiofauna,841
C024,OK,1,C024-2018-10,C024-2018-10,Metadados_Esforco | Pontos_e_Campanhas | Resultados_Ictiofauna,800
C025,OK,1,C025-2018-11,C025-2018-11,Metadados_Esforco | Pontos_e_Campanhas | Resultados_Ictiofauna,785
C026,OK,1,C026-2018-12,C026-2018-12,Metadados_Esforco | Pontos_e_Campanhas | Resultados_Ictiofauna,894
C027,OK,1,C027-2019-01,C027-2019-01,Metadados_Esforco | Pontos_e_Campanhas | Resultados_Ictiofauna,613
C028,OK,1,C028-2019-02,C028-2019-02,Metadados_Esforco | Pontos_e_Campanhas | Resultados_Ictiofauna,695
C029,OK,1,C029-2019-03,C029-2019-03,Metadados_Esforco | Pontos_e_Campanhas | Resultados_Ictiofauna,760
C030,OK,1,C030-2019-06,C030-2019-06,Metadados_Esforco | Pontos_e_Campanhas | Resultados_Ictiofauna,977
C032,OK,1,C032-2019-12,C032-2019-12,Metadados_Esforco | Pontos_e_Campanhas | Resultados_Ictiofauna,1331
C033,OK,1,C033-2020-03,C033-2020-03,Metadados_Esforco | Pontos_e_Campanhas | Resultados_Ictiofauna,402
C035,OK,1,C035-2020-09,C035-2020-09,Metadados_Esforco | Pontos_e_Campanhas | Resultados_Ictiofauna,760
C036,OK,1,C036-2020-12,C036-2020-12,Metadados_Esforco | Pontos_e_Campanhas | Resultados_Ictiofauna,856
C037,OK,1,C037-2021-03,C037-2021-03,Metadados_Esforco | Pontos_e_Campanhas | Resultados_Ictiofauna,1152
C038,OK,1,C038-2021-06,C038-2021-06,Metadados_Esforco | Pontos_e_Campanhas | Resultados_Ictiofauna,661
C039,OK,1,C039-2021-09,C039-2021-09,Metadados_Esforco | Pontos_e_Campanhas | Resultados_Ictiofauna,737
C041,OK,1,C041-2022-03,C041-2022-03,Metadados_Esforco | Pontos_e_Campanhas | Resultados_Ictiofauna,477
C042,OK,1,C042-2022-06,C042-2022-06,Metadados_Esforco | Pontos_e_Campanhas | Resultados_Ictiofauna,581
C044,OK,1,C044-2023-02,C044-2023-02,Metadados_Esforco | Pontos_e_Campanhas | Resultados_Ictiofauna,913
C047,OK,1,C047-2023-10,C047-2023-10,Metadados_Esforco | Pontos_e_Campanhas | Resultados_Ictiofauna,665
C048,OK,1,C048-2023-11,C048-2023-11,Metadados_Esforco | Pontos_e_Campanhas | Resultados_Ictiofauna,928
C050,OK,1,C050-2023-12,C050-2023-12,Metadados_Esforco | Pontos_e_Campanhas | Resultados_Ictiofauna,682
C051,OK,1,C051-2024-01,C051-2024-01,Metadados_Esforco | Pontos_e_Campanhas | Resultados_Ictiofauna,742
C053,OK,1,C053-2024-03,C053-2024-03,Metadados_Esforco | Pontos_e_Campanhas | Resultados_Ictiofauna,711
C054,OK,1,C054-2024-06,C054-2024-06,Metadados_Esforco | Pontos_e_Campanhas | Resultados_Ictiofauna,978
C055,OK,1,C055-2024-09,C055-2024-09,Metadados_Esforco | Pontos_e_Campanhas | Resultados_Ictiofauna,591
C056,OK,1,C056-2024-10,C056-2024-10,Metadados_Esforco | Pontos_e_Campanhas | Resultados_Ictiofauna,515
C057,OK,1,C057-2024-11,C057-2024-11,Metadados_Esforco | Pontos_e_Campanhas | Resultados_Ictiofauna,403
C058,OK,1,C058-2024-12,C058-2024-12,Metadados_Esforco | Pontos_e_Campanhas | Resultados_Ictiofauna,457
C059,OK,1,C059-2025-01,C059-2025-01,Metadados_Esforco | Pontos_e_Campanhas | Resultados_Ictiofauna,388
C060,OK,1,C060-2025-02,C060-2025-02,Metadados_Esforco | Pontos_e_Campanhas | Resultados_Ictiofauna,437
C061,OK,1,C061-2025-03,C061-2025-03,Metadados_Esforco | Pontos_e_Campanhas | Resultados_Ictiofauna,411
C065,OK,1,C065-2025-12,C065-2025-12,Metadados_Esforco | Pontos_e_Campanhas | Resultados_Ictiofauna,492
C066,OK,1,C066-2026-01,C066-2026-01,Metadados_Esforco | Pontos_e_Campanhas | Resultados_Ictiofauna,398
C068,OK,1,C068-2026-03,C068-2026-03,Metadados_Esforco | Pontos_e_Campanhas | Resultados_Ictiofauna,317
C069,OK,1,C069-2026-06,C069-2026-06,Metadados_Esforco | Pontos_e_Campanhas | Resultados_Ictiofauna,353
