sheet,campanha_rotulo,campanha_operacional,ano_mes,linhas,pontos
Pontos_e_Campanhas,C001-2011-12,C001,2011-12,18,18
Pontos_e_Campanhas,C002-2012-04,C002,2012-04,18,18
Pontos_e_Campanhas,C003-2012-06,C003,2012-06,18,18
Pontos_e_Campanhas,C004-2012-09,C004,2012-09,18,18
Pontos_e_Campanhas,C005-2012-12,C005,2012-12,18,18
Pontos_e_Campanhas,C006-2013-03,C006,2013-03,18,18
Pontos_e_Campanhas,C007-2013-06,C007,2013-06,18,18
Pontos_e_Campanhas,C008-2013-09,C008,2013-09,18,18
Pontos_e_Campanhas,C009-2013-12,C009,2013-12,18,18
Pontos_e_Campanhas,C010-2014-03,C010,2014-03,18,18
Pontos_e_Campanhas,C011-2014-06,C011,2014-06,18,18
Pontos_e_Campanhas,C012-2014-09,C012,2014-09,18,18
Pontos_e_Campanhas,C013-2014-12,C013,2014-12,18,18
Pontos_e_Campanhas,C014-2015-04,C014,2015-04,18,18
Pontos_e_Campanhas,C015-2015-07,C015,2015-07,18,18
Pontos_e_Campanhas,C016-2015-09,C016,2015-09,18,18
Pontos_e_Campanhas,C017-2015-11,C017,2015-11,18,18
Pontos_e_Campanhas,C018-2016-03,C018,2016-03,18,18
Pontos_e_Campanhas,C019-2016-06,C019,2016-06,18,18
Pontos_e_Campanhas,C020-2016-09,C020,2016-09,18,18
Pontos_e_Campanhas,C021-2018-04,C021,2018-04,18,18
Pontos_e_Campanhas,C021-2018-05,C021,2018-05,18,18
Pontos_e_Campanhas,C022-2018-06,C022,2018-06,18,18
Pontos_e_Campanhas,C023-2018-09,C023,2018-09,18,18
Pontos_e_Campanhas,C024-2018-10,C024,2018-10,18,18
Pontos_e_Campanhas,C025-2018-11,C025,2018-11,18,18
Pontos_e_Campanhas,C026-2018-12,C026,2018-12,18,18
Pontos_e_Campanhas,C027-2019-01,C027,2019-01,18,18
Pontos_e_Campanhas,C028-2019-02,C028,2019-02,18,18
Pontos_e_Campanhas,C029-2019-03,C029,2019-03,18,18
Pontos_e_Campanhas,C030-2019-06,C030,2019-06,18,18
Pontos_e_Campanhas,C031-2019-09,C031,2019-09,18,18
Pontos_e_Campanhas,C031-2019-10,C031,2019-10,18,18
Pontos_e_Campanhas,C032-2019-12,C032,2019-12,18,18
Pontos_e_Campanhas,C033-2020-03,C033,2020-03,18,18
Pontos_e_Campanhas,C034-2020-06,C034,2020-06,18,18
Pontos_e_Campanhas,C034-2020-07,C034,2020-07,18,18
Pontos_e_Campanhas,C035-2020-09,C035,2020-09,18,18
Pontos_e_Campanhas,C036-2020-12,C036,2020-12,18,18
Pontos_e_Campanhas,C037-2021-03,C037,2021-03,18,18
Pontos_e_Campanhas,C038-2021-06,C038,2021-06,18,18
Pontos_e_Campanhas,C039-2021-09,C039,2021-09,18,18
Pontos_e_Campanhas,C040-2021-11,C040,2021-11,18,18
Pontos_e_Campanhas,C040-2021-12,C040,2021-12,18,18
Pontos_e_Campanhas,C041-2022-03,C041,2022-03,18,18
Pontos_e_Campanhas,C042-2022-06,C042,2022-06,18,18
Pontos_e_Campanhas,C043-2023-01,C043,2023-01,18,18
Pontos_e_Campanhas,C043-2023-02,C043,2023-02,18,18
Pontos_e_Campanhas,C044-2023-02,C044,2023-02,18,18
Pontos_e_Campanhas,C045-2023-03,C045,2023-03,18,18
Pontos_e_Campanhas,C045-2023-04,C045,2023-04,18,18
Pontos_e_Campanhas,C046-2023-06,C046,2023-06,18,18
Pontos_e_Campanhas,C046-2023-07,C046,2023-07,18,18
Pontos_e_Campanhas,C047-2023-10,C047,2023-10,18,18
Pontos_e_Campanhas,C048-2023-11,C048,2023-11,18,18
Pontos_e_Campanhas,C049-2023-11,C049,2023-11,18,18
Pontos_e_Campanhas,C049-2023-12,C049,2023-12,18,18
Pontos_e_Campanhas,C050-2023-12,C050,2023-12,18,18
Pontos_e_Campanhas,C051-2024-01,C051,2024-01,18,18
Pontos_e_Campanhas,C052-2024-02,C052,2024-02,18,18
Pontos_e_Campanhas,C052-2024-03,C052,2024-03,18,18
Pontos_e_Campanhas,C053-2024-03,C053,2024-03,18,18
Pontos_e_Campanhas,C054-2024-06,C054,2024-06,18,18
Pontos_e_Campanhas,C055-2024-09,C055,2024-09,18,18
Pontos_e_Campanhas,C056-2024-10,C056,2024-10,18,18
Pontos_e_Campanhas,C057-2024-11,C057,2024-11,18,18
Pontos_e_Campanhas,C058-2024-12,C058,2024-12,18,18
Pontos_e_Campanhas,C059-2025-01,C059,2025-01,18,18
Pontos_e_Campanhas,C060-2025-02,C060,2025-02,18,18
Pontos_e_Campanhas,C061-2025-03,C061,2025-03,18,18
Pontos_e_Campanhas,C062-2025-07,C062,2025-07,18,18
Pontos_e_Campanhas,C062-2025-08,C062,2025-08,18,18
Pontos_e_Campanhas,C063-2025-09,C063,2025-09,18,18
Pontos_e_Campanhas,C063-2025-10,C063,2025-10,18,18
Pontos_e_Campanhas,C064-2025-11,C064,2025-11,18,18
Pontos_e_Campanhas,C064-2025-12,C064,2025-12,18,18
Pontos_e_Campanhas,C065-2025-12,C065,2025-12,18,18
Pontos_e_Campanhas,C066-2026-01,C066,2026-01,18,18
Pontos_e_Campanhas,C067-2024-10,C067,2024-10,18,18
Pontos_e_Campanhas,C067-2025-02,C067,2025-02,18,18
Pontos_e_Campanhas,C067-2025-06,C067,2025-06,18,18
Pontos_e_Campanhas,C067-2025-10,C067,2025-10,18,18
Pontos_e_Campanhas,C067-2026-02,C067,2026-02,18,18
Pontos_e_Campanhas,C067-2026-06,C067,2026-06,18,18
Pontos_e_Campanhas,C068-2026-03,C068,2026-03,18,18
Pontos_e_Campanhas,C069-2026-06,C069,2026-06,18,18
Metadados_Esforco,C001-2011-12,C001,2011-12,27,15
Metadados_Esforco,C002-2012-04,C002,2012-04,38,15
Metadados_Esforco,C003-2012-06,C003,2012-06,33,15
Metadados_Esforco,C004-2012-09,C004,2012-09,26,14
Metadados_Esforco,C005-2012-12,C005,2012-12,36,15
Metadados_Esforco,C006-2013-03,C006,2013-03,41,16
Metadados_Esforco,C007-2013-06,C007,2013-06,43,15
Metadados_Esforco,C008-2013-09,C008,2013-09,33,15
Metadados_Esforco,C009-2013-12,C009,2013-12,27,14
Metadados_Esforco,C010-2014-03,C010,2014-03,22,16
Metadados_Esforco,C011-2014-06,C011,2014-06,44,16
Metadados_Esforco,C012-2014-09,C012,2014-09,29,16
Metadados_Esforco,C013-2014-12,C013,2014-12,34,15
Metadados_Esforco,C014-2015-04,C014,2015-04,37,15
Metadados_Esforco,C015-2015-07,C015,2015-07,44,15
Metadados_Esforco,C016-2015-09,C016,2015-09,38,15
Metadados_Esforco,C017-2015-11,C017,2015-11,34,15
Metadados_Esforco,C018-2016-03,C018,2016-03,37,14
Metadados_Esforco,C019-2016-06,C019,2016-06,36,15
Metadados_Esforco,C020-2016-09,C020,2016-09,38,15
Metadados_Esforco,C021-2018-04,C021,2018-04,22,13
Metadados_Esforco,C021-2018-05,C021,2018-05,9,5
Metadados_Esforco,C022-2018-06,C022,2018-06,29,17
Metadados_Esforco,C023-2018-09,C023,2018-09,32,16
Metadados_Esforco,C024-2018-10,C024,2018-10,28,16
Metadados_Esforco,C025-2018-11,C025,2018-11,34,16
Metadados_Esforco,C026-2018-12,C026,2018-12,37,18
Metadados_Esforco,C027-2019-01,C027,2019-01,32,16
Metadados_Esforco,C028-2019-02,C028,2019-02,35,18
Metadados_Esforco,C029-2019-03,C029,2019-03,40,18
Metadados_Esforco,C030-2019-06,C030,2019-06,32,16
Metadados_Esforco,C031-2019-09,C031,2019-09,33,17
Metadados_Esforco,C031-2019-10,C031,2019-10,8,7
Metadados_Esforco,C032-2019-12,C032,2019-12,34,17
Metadados_Esforco,C033-2020-03,C033,2020-03,15,10
Metadados_Esforco,C034-2020-06,C034,2020-06,16,10
Metadados_Esforco,C034-2020-07,C034,2020-07,5,5
Metadados_Esforco,C035-2020-09,C035,2020-09,20,12
Metadados_Esforco,C036-2020-12,C036,2020-12,20,15
Metadados_Esforco,C037-2021-03,C037,2021-03,27,16
Metadados_Esforco,C038-2021-06,C038,2021-06,22,16
Metadados_Esforco,C039-2021-09,C039,2021-09,26,17
Metadados_Esforco,C040-2021-11,C040,2021-11,4,3
Metadados_Esforco,C040-2021-12,C040,2021-12,18,16
Metadados_Esforco,C041-2022-03,C041,2022-03,19,15
Metadados_Esforco,C042-2022-06,C042,2022-06,20,16
Metadados_Esforco,C043-2023-01,C043,2023-01,16,9
Metadados_Esforco,C043-2023-02,C043,2023-02,11,10
Metadados_Esforco,C044-2023-02,C044,2023-02,26,18
Metadados_Esforco,C045-2023-03,C045,2023-03,9,9
Metadados_Esforco,C045-2023-04,C045,2023-04,14,12
Metadados_Esforco,C046-2023-06,C046,2023-06,15,10
Metadados_Esforco,C046-2023-07,C046,2023-07,11,10
Metadados_Esforco,C047-2023-10,C047,2023-10,22,18
Metadados_Esforco,C048-2023-11,C048,2023-11,22,17
Metadados_Esforco,C049-2023-11,C049,2023-11,14,12
Metadados_Esforco,C049-2023-12,C049,2023-12,8,8
Metadados_Esforco,C050-2023-12,C050,2023-12,19,17
Metadados_Esforco,C051-2024-01,C051,2024-01,24,18
Metadados_Esforco,C052-2024-02,C052,2024-02,17,17
Metadados_Esforco,C052-2024-03,C052,2024-03,2,2
Metadados_Esforco,C053-2024-03,C053,2024-03,20,18
Metadados_Esforco,C054-2024-06,C054,2024-06,26,18
Metadados_Esforco,C055-2024-09,C055,2024-09,20,17
Metadados_Esforco,C056-2024-10,C056,2024-10,19,17
Metadados_Esforco,C057-2024-11,C057,2024-11,21,17
Metadados_Esforco,C058-2024-12,C058,2024-12,20,18
Metadados_Esforco,C059-2025-01,C059,2025-01,16,15
Metadados_Esforco,C060-2025-02,C060,2025-02,21,18
Metadados_Esforco,C061-2025-03,C061,2025-03,20,18
Metadados_Esforco,C062-2025-07,C062,2025-07,16,15
Metadados_Esforco,C062-2025-08,C062,2025-08,5,4
Metadados_Esforco,C063-2025-09,C063,2025-09,7,7
Metadados_Esforco,C063-2025-10,C063,2025-10,13,12
Metadados_Esforco,C064-2025-11,C064,2025-11,12,12
Metadados_Esforco,C064-2025-12,C064,2025-12,10,7
Metadados_Esforco,C065-2025-12,C065,2025-12,18,18
Metadados_Esforco,C066-2026-01,C066,2026-01,19,18
Metadados_Esforco,C067-2024-10,C067,2024-10,1,1
Metadados_Esforco,C067-2025-02,C067,2025-02,2,2
Metadados_Esforco,C067-2025-06,C067,2025-06,1,1
Metadados_Esforco,C067-2025-10,C067,2025-10,1,1
Metadados_Esforco,C067-2026-02,C067,2026-02,19,18
Metadados_Esforco,C067-2026-06,C067,2026-06,1,1
Metadados_Esforco,C068-2026-03,C068,2026-03,20,18
Metadados_Esforco,C069-2026-06,C069,2026-06,20,18
Resultados_Ictiofauna,C001-2011-12,C001,2011-12,2049,15
Resultados_Ictiofauna,C002-2012-04,C002,2012-04,4436,15
Resultados_Ictiofauna,C003-2012-06,C003,2012-06,2384,15
Resultados_Ictiofauna,C004-2012-09,C004,2012-09,2553,14
Resultados_Ictiofauna,C005-2012-12,C005,2012-12,1798,15
Resultados_Ictiofauna,C006-2013-03,C006,2013-03,5994,16
Resultados_Ictiofauna,C007-2013-06,C007,2013-06,2067,15
Resultados_Ictiofauna,C008-2013-09,C008,2013-09,2724,15
Resultados_Ictiofauna,C009-2013-12,C009,2013-12,1919,14
Resultados_Ictiofauna,C010-2014-03,C010,2014-03,945,16
Resultados_Ictiofauna,C011-2014-06,C011,2014-06,2562,16
Resultados_Ictiofauna,C012-2014-09,C012,2014-09,1272,16
Resultados_Ictiofauna,C013-2014-12,C013,2014-12,2025,15
Resultados_Ictiofauna,C014-2015-04,C014,2015-04,1688,15
Resultados_Ictiofauna,C015-2015-07,C015,2015-07,1528,15
Resultados_Ictiofauna,C016-2015-09,C016,2015-09,1579,15
Resultados_Ictiofauna,C017-2015-11,C017,2015-11,759,15
Resultados_Ictiofauna,C018-2016-03,C018,2016-03,1778,14
Resultados_Ictiofauna,C019-2016-06,C019,2016-06,1836,15
Resultados_Ictiofauna,C020-2016-09,C020,2016-09,1492,15
Resultados_Ictiofauna,C021-2018-04,C021,2018-04,496,13
Resultados_Ictiofauna,C021-2018-05,C021,2018-05,246,5
Resultados_Ictiofauna,C022-2018-06,C022,2018-06,552,17
Resultados_Ictiofauna,C023-2018-09,C023,2018-09,791,16
Resultados_Ictiofauna,C024-2018-10,C024,2018-10,754,16
Resultados_Ictiofauna,C025-2018-11,C025,2018-11,733,16
Resultados_Ictiofauna,C026-2018-12,C026,2018-12,839,18
Resultados_Ictiofauna,C027-2019-01,C027,2019-01,563,16
Resultados_Ictiofauna,C028-2019-02,C028,2019-02,642,18
Resultados_Ictiofauna,C029-2019-03,C029,2019-03,702,18
Resultados_Ictiofauna,C030-2019-06,C030,2019-06,927,16
Resultados_Ictiofauna,C031-2019-09,C031,2019-09,949,17
Resultados_Ictiofauna,C031-2019-10,C031,2019-10,303,7
Resultados_Ictiofauna,C032-2019-12,C032,2019-12,1279,17
Resultados_Ictiofauna,C033-2020-03,C033,2020-03,369,10
Resultados_Ictiofauna,C034-2020-06,C034,2020-06,229,10
Resultados_Ictiofauna,C034-2020-07,C034,2020-07,69,5
Resultados_Ictiofauna,C035-2020-09,C035,2020-09,722,12
Resultados_Ictiofauna,C036-2020-12,C036,2020-12,818,15
Resultados_Ictiofauna,C037-2021-03,C037,2021-03,1107,16
Resultados_Ictiofauna,C038-2021-06,C038,2021-06,621,16
Resultados_Ictiofauna,C039-2021-09,C039,2021-09,693,17
Resultados_Ictiofauna,C040-2021-11,C040,2021-11,68,3
Resultados_Ictiofauna,C040-2021-12,C040,2021-12,427,16
Resultados_Ictiofauna,C041-2022-03,C041,2022-03,440,15
Resultados_Ictiofauna,C042-2022-06,C042,2022-06,543,16
Resultados_Ictiofauna,C043-2023-01,C043,2023-01,524,9
Resultados_Ictiofauna,C043-2023-02,C043,2023-02,344,10
Resultados_Ictiofauna,C044-2023-02,C044,2023-02,869,18
Resultados_Ictiofauna,C045-2023-03,C045,2023-03,365,9
Resultados_Ictiofauna,C045-2023-04,C045,2023-04,342,12
Resultados_Ictiofauna,C046-2023-06,C046,2023-06,388,10
Resultados_Ictiofauna,C046-2023-07,C046,2023-07,284,10
Resultados_Ictiofauna,C047-2023-10,C047,2023-10,625,18
Resultados_Ictiofauna,C048-2023-11,C048,2023-11,888,17
Resultados_Ictiofauna,C049-2023-11,C049,2023-11,695,12
Resultados_Ictiofauna,C049-2023-12,C049,2023-12,190,8
Resultados_Ictiofauna,C050-2023-12,C050,2023-12,645,17
Resultados_Ictiofauna,C051-2024-01,C051,2024-01,700,18
Resultados_Ictiofauna,C052-2024-02,C052,2024-02,885,17
Resultados_Ictiofauna,C052-2024-03,C052,2024-03,16,2
Resultados_Ictiofauna,C053-2024-03,C053,2024-03,673,18
Resultados_Ictiofauna,C054-2024-06,C054,2024-06,934,18
Resultados_Ictiofauna,C055-2024-09,C055,2024-09,553,17
Resultados_Ictiofauna,C056-2024-10,C056,2024-10,478,17
Resultados_Ictiofauna,C057-2024-11,C057,2024-11,364,17
Resultados_Ictiofauna,C058-2024-12,C058,2024-12,419,18
Resultados_Ictiofauna,C059-2025-01,C059,2025-01,354,15
Resultados_Ictiofauna,C060-2025-02,C060,2025-02,398,18
Resultados_Ictiofauna,C061-2025-03,C061,2025-03,373,18
Resultados_Ictiofauna,C062-2025-07,C062,2025-07,364,15
Resultados_Ictiofauna,C062-2025-08,C062,2025-08,163,4
Resultados_Ictiofauna,C063-2025-09,C063,2025-09,165,7
Resultados_Ictiofauna,C063-2025-10,C063,2025-10,168,12
Resultados_Ictiofauna,C064-2025-11,C064,2025-11,279,12
Resultados_Ictiofauna,C064-2025-12,C064,2025-12,191,7
Resultados_Ictiofauna,C065-2025-12,C065,2025-12,456,18
Resultados_Ictiofauna,C066-2026-01,C066,2026-01,361,18
Resultados_Ictiofauna,C067-2024-10,C067,2024-10,1,1
Resultados_Ictiofauna,C067-2025-02,C067,2025-02,5,2
Resultados_Ictiofauna,C067-2025-06,C067,2025-06,1,1
Resultados_Ictiofauna,C067-2025-10,C067,2025-10,1,1
Resultados_Ictiofauna,C067-2026-02,C067,2026-02,263,18
Resultados_Ictiofauna,C067-2026-06,C067,2026-06,1,1
Resultados_Ictiofauna,C068-2026-03,C068,2026-03,279,18
Resultados_Ictiofauna,C069-2026-06,C069,2026-06,315,18
